{
  "best_val_accuracy": 28.333333333333332,
  "best_val_loss": 1.4010640978813171,
  "final_train_accuracy": 25.416666666666668,
  "final_val_accuracy": 26.666666666666668,
  "epochs_trained": 3,
  "hyperparameters": {
    "model": "efficientnet_b0",
    "learning_rate": 0.0003,
    "weight_decay": 0.0001,
    "batch_size": 32,
    "epochs": 3,
    "early_stop_patience": 2
  },
  "class_count": 4,
  "classes": [
    "healthy",
    "diseased_a",
    "diseased_b",
    "diseased_c"
  ],
  "model_info": {
    "total_parameters": 4012672,
    "trainable_parameters": 4012672,
    "model_size_mb": 15.30712890625
  },
  "test_accuracy": 0.25833333333333336,
  "test_macro_f1": 0.17458566024139796,
  "test_weighted_f1": 0.17458566024139796,
  "test_classification_report": {
    "class_0": {
      "precision": 0.266304347826087,
      "recall": 0.8166666666666667,
      "f1-score": 0.4016393442622951,
      "support": 60.0
    },
    "class_1": {
      "precision": 0.0,
      "recall": 0.0,
      "f1-score": 0.0,
      "support": 60.0
    },
    "class_2": {
      "precision": 0.25,
      "recall": 0.1,
      "f1-score": 0.14285714285714285,
      "support": 60.0
    },
    "class_3": {
      "precision": 0.22580645161290322,
      "recall": 0.11666666666666667,
      "f1-score": 0.15384615384615385,
      "support": 60.0
    },
    "accuracy": 0.25833333333333336,
    "macro avg": {
      "precision": 0.18552769985974754,
      "recall": 0.2583333333333333,
      "f1-score": 0.17458566024139796,
      "support": 240.0
    },
    "weighted avg": {
      "precision": 0.18552769985974754,
      "recall": 0.25833333333333336,
      "f1-score": 0.17458566024139796,
      "support": 240.0
    }
  }
}